match_id,inning,over,ball,batter,bowler,non_striker,runs_batter,runs_extra,total_runs,is_wicket
M001,1,1,1,UT001,UT021,UT002,1,0,1,0
M001,1,1,2,UT002,UT021,UT001,0,0,0,0
M001,1,1,3,UT002,UT021,UT001,4,0,4,0
M001,1,1,4,UT002,UT021,UT001,1,0,1,0
M001,1,1,5,UT001,UT021,UT002,2,0,2,0
M001,1,1,6,UT001,UT021,UT002,0,0,0,0
M001,1,2,1,UT002,UT022,UT001,1,0,1,0
M001,1,2,2,UT001,UT022,UT002,6,0,6,0
M001,1,2,3,UT001,UT022,UT002,0,0,0,0
M001,1,2,4,UT001,UT022,UT002,1,0,1,0
M001,1,2,5,UT002,UT022,UT001,2,0,2,0
M001,1,2,6,UT002,UT022,UT001,0,1,1,0
M001,1,3,1,UT001,UT023,UT002,4,0,4,0
M001,1,3,2,UT001,UT023,UT002,1,0,1,0
M001,1,3,3,UT002,UT023,UT001,0,0,0,0
M001,1,3,4,UT002,UT023,UT001,2,0,2,0
M001,1,3,5,UT001,UT023,UT002,1,0,1,0
M001,1,3,6,UT002,UT023,UT001,0,0,0,1
M001,1,4,1,UT001,UT024,UT002,1,0,1,0
M001,1,4,2,UT002,UT024,UT001,4,0,4,0
M001,1,4,3,UT002,UT024,UT001,0,0,0,0
M001,1,4,4,UT002,UT024,UT001,2,0,2,0
M001,1,4,5,UT001,UT024,UT002,1,0,1,0
M001,1,4,6,UT001,UT024,UT002,6,0,6,0
M001,1,5,1,UT002,UT025,UT001,0,0,0,0
M001,1,5,2,UT002,UT025,UT001,1,0,1,0
M001,1,5,3,UT001,UT025,UT002,2,0,2,0
M001,1,5,4,UT001,UT025,UT002,4,0,4,0
M001,1,5,5,UT001,UT025,UT002,0,0,0,0
M001,1,5,6,UT002,UT025,UT001,1,0,1,0
M001,1,6,1,UT001,UT026,UT002,6,0,6,0
M001,1,6,2,UT001,UT026,UT002,0,0,0,0
M001,1,6,3,UT002,UT026,UT001,1,0,1,0
M001,1,6,4,UT001,UT026,UT002,4,0,4,0
M001,1,6,5,UT002,UT026,UT001,0,0,0,0
M001,1,6,6,UT001,UT026,UT002,2,0,2,0
M001,2,1,1,UT011,UT031,UT012,0,0,0,0
M001,2,1,2,UT012,UT031,UT011,1,0,1,0
M001,2,1,3,UT011,UT031,UT012,4,0,4,0
M001,2,1,4,UT011,UT031,UT012,2,0,2,0
M001,2,1,5,UT012,UT031,UT011,0,0,0,0
M001,2,1,6,UT012,UT031,UT011,1,0,1,0
M001,2,2,1,UT011,UT032,UT012,6,0,6,0
M001,2,2,2,UT011,UT032,UT012,0,0,0,0
M001,2,2,3,UT011,UT032,UT012,1,0,1,0
M001,2,2,4,UT012,UT032,UT011,4,0,4,0
M001,2,2,5,UT012,UT032,UT011,0,0,0,1
M001,2,2,6,UT011,UT032,UT012,2,0,2,0
M001,2,3,1,UT012,UT033,UT011,1,0,1,0
M001,2,3,2,UT011,UT033,UT012,4,0,4,0
M001,2,3,3,UT011,UT033,UT012,0,0,0,0
M001,2,3,4,UT012,UT033,UT011,2,0,2,0
M001,2,3,5,UT011,UT033,UT012,1,0,1,0
M001,2,3,6,UT012,UT033,UT011,0,0,0,0
M001,2,4,1,UT011,UT034,UT012,2,0,2,0
M001,2,4,2,UT012,UT034,UT011,6,0,6,0
M001,2,4,3,UT012,UT034,UT011,0,0,0,0
M001,2,4,4,UT011,UT034,UT012,1,0,1,0
M001,2,4,5,UT012,UT034,UT011,4,0,4,0
M001,2,4,6,UT011,UT034,UT012,0,0,0,0
M001,2,5,1,UT012,UT035,UT011,1,0,1,0
M001,2,5,2,UT011,UT035,UT012,0,0,0,0
M001,2,5,3,UT012,UT035,UT011,4,0,4,0
M001,2,5,4,UT011,UT035,UT012,1,0,1,0
M001,2,5,5,UT012,UT035,UT011,2,0,2,0
M001,2,5,6,UT011,UT035,UT012,0,0,0,0
M001,2,6,1,UT012,UT036,UT011,6,0,6,0
M001,2,6,2,UT012,UT036,UT011,1,0,1,0
M001,2,6,3,UT011,UT036,UT012,0,0,0,0
M001,2,6,4,UT012,UT036,UT011,4,0,4,0
M001,2,6,5,UT011,UT036,UT012,0,0,0,0
M001,2,6,6,UT011,UT036,UT012,1,0,1,0
M002,1,1,1,UT003,UT041,UT004,4,0,4,0
M002,1,1,2,UT003,UT041,UT004,1,0,1,0
M002,1,1,3,UT004,UT041,UT003,0,0,0,0
M002,1,1,4,UT004,UT041,UT003,2,0,2,0
M002,1,1,5,UT003,UT041,UT004,6,0,6,0
M002,1,1,6,UT003,UT041,UT004,0,0,0,0
M002,1,2,1,UT004,UT042,UT003,1,0,1,0
M002,1,2,2,UT003,UT042,UT004,4,0,4,0
M002,1,2,3,UT003,UT042,UT004,0,0,0,0
M002,1,2,4,UT004,UT042,UT003,1,0,1,0
M002,1,2,5,UT003,UT042,UT004,2,0,2,0
M002,1,2,6,UT004,UT042,UT003,0,1,1,0
M002,1,3,1,UT003,UT043,UT004,6,0,6,0
M002,1,3,2,UT003,UT043,UT004,0,0,0,0
M002,1,3,3,UT004,UT043,UT003,4,0,4,0
M002,1,3,4,UT004,UT043,UT003,1,0,1,0
M002,1,3,5,UT003,UT043,UT004,0,0,0,1
M002,1,3,6,UT004,UT043,UT003,2,0,2,0
M002,1,4,1,UT003,UT044,UT004,1,0,1,0
M002,1,4,2,UT004,UT044,UT003,4,0,4,0
M002,1,4,3,UT003,UT044,UT004,2,0,2,0
M002,1,4,4,UT004,UT044,UT003,0,0,0,0
M002,1,4,5,UT004,UT044,UT003,1,0,1,0
M002,1,4,6,UT003,UT044,UT004,6,0,6,0
M002,1,5,1,UT004,UT045,UT003,0,0,0,0
M002,1,5,2,UT003,UT045,UT004,2,0,2,0
M002,1,5,3,UT004,UT045,UT003,4,0,4,0
M002,1,5,4,UT004,UT045,UT003,1,0,1,0
M002,1,5,5,UT003,UT045,UT004,0,0,0,0
M002,1,5,6,UT004,UT045,UT003,6,0,6,0
M002,1,6,1,UT003,UT046,UT004,1,0,1,0
M002,1,6,2,UT004,UT046,UT003,0,0,0,0
M002,1,6,3,UT003,UT046,UT004,4,0,4,0
M002,1,6,4,UT004,UT046,UT003,2,0,2,0
M002,1,6,5,UT004,UT046,UT003,1,0,1,0
M002,1,6,6,UT004,UT046,UT003,0,0,0,0
M002,2,1,1,UT013,UT051,UT014,1,0,1,0
M002,2,1,2,UT014,UT051,UT013,4,0,4,0
M002,2,1,3,UT013,UT051,UT014,0,0,0,0
M002,2,1,4,UT014,UT051,UT013,2,0,2,0
M002,2,1,5,UT013,UT051,UT014,6,0,6,0
M002,2,1,6,UT014,UT051,UT013,0,0,0,0
M002,2,2,1,UT013,UT052,UT014,1,0,1,0
M002,2,2,2,UT014,UT052,UT013,0,0,0,0
M002,2,2,3,UT014,UT052,UT013,4,0,4,0
M002,2,2,4,UT014,UT052,UT013,1,0,1,0
M002,2,2,5,UT013,UT052,UT014,2,0,2,0
M002,2,2,6,UT013,UT052,UT014,0,0,0,0
M002,2,3,1,UT014,UT053,UT013,6,0,6,0
M002,2,3,2,UT014,UT053,UT013,0,0,0,0
M002,2,3,3,UT013,UT053,UT014,1,0,1,0
M002,2,3,4,UT013,UT053,UT014,4,0,4,0
M002,2,3,5,UT014,UT053,UT013,0,0,0,1
M002,2,3,6,UT013,UT053,UT014,2,0,2,0
M002,2,4,1,UT014,UT054,UT013,1,0,1,0
M002,2,4,2,UT013,UT054,UT014,4,0,4,0
M002,2,4,3,UT013,UT054,UT014,0,0,0,0
M002,2,4,4,UT014,UT054,UT013,2,0,2,0
M002,2,4,5,UT013,UT054,UT014,1,0,1,0
M002,2,4,6,UT014,UT054,UT013,6,0,6,0
M002,2,5,1,UT013,UT055,UT014,0,0,0,0
M002,2,5,2,UT014,UT055,UT013,1,0,1,0
M002,2,5,3,UT013,UT055,UT014,4,0,4,0
M002,2,5,4,UT014,UT055,UT013,2,0,2,0
M002,2,5,5,UT013,UT055,UT014,0,0,0,0
M002,2,5,6,UT014,UT055,UT013,1,0,1,0
M002,2,6,1,UT013,UT056,UT014,6,0,6,0
M002,2,6,2,UT014,UT056,UT013,0,0,0,0
M002,2,6,3,UT014,UT056,UT013,1,0,1,0
M002,2,6,4,UT013,UT056,UT014,4,0,4,0
M002,2,6,5,UT014,UT056,UT013,0,0,0,0
M002,2,6,6,UT013,UT056,UT014,2,0,2,0
M003,1,1,1,UT005,UT061,UT006,4,0,4,0
M003,1,1,2,UT005,UT061,UT006,0,0,0,0
M003,1,1,3,UT006,UT061,UT005,1,0,1,0
M003,1,1,4,UT006,UT061,UT005,6,0,6,0
M003,1,1,5,UT005,UT061,UT006,2,0,2,0
M003,1,1,6,UT005,UT061,UT006,0,0,0,0
M003,1,2,1,UT006,UT062,UT005,1,0,1,0
M003,1,2,2,UT005,UT062,UT006,4,0,4,0
M003,1,2,3,UT005,UT062,UT006,0,0,0,0
M003,1,2,4,UT006,UT062,UT005,2,0,2,0
M003,1,2,5,UT006,UT062,UT005,1,0,1,0
M003,1,2,6,UT005,UT062,UT006,0,1,1,0
M003,1,3,1,UT005,UT063,UT006,6,0,6,0
M003,1,3,2,UT005,UT063,UT006,0,0,0,0
M003,1,3,3,UT006,UT063,UT005,4,0,4,0
M003,1,3,4,UT006,UT063,UT005,1,0,1,0
M003,1,3,5,UT005,UT063,UT006,0,0,0,1
M003,1,3,6,UT006,UT063,UT005,2,0,2,0
M003,1,4,1,UT006,UT064,UT005,1,0,1,0
M003,1,4,2,UT005,UT064,UT006,4,0,4,0
M003,1,4,3,UT005,UT064,UT006,2,0,2,0
M003,1,4,4,UT006,UT064,UT005,0,0,0,0
M003,1,4,5,UT005,UT064,UT006,1,0,1,0
M003,1,4,6,UT006,UT064,UT005,6,0,6,0
M003,1,5,1,UT005,UT065,UT006,0,0,0,0
M003,1,5,2,UT006,UT065,UT005,2,0,2,0
M003,1,5,3,UT005,UT065,UT006,4,0,4,0
M003,1,5,4,UT005,UT065,UT006,1,0,1,0
M003,1,5,5,UT006,UT065,UT005,0,0,0,0
M003,1,5,6,UT006,UT065,UT005,6,0,6,0
M003,1,6,1,UT005,UT066,UT006,1,0,1,0
M003,1,6,2,UT006,UT066,UT005,0,0,0,0
M003,1,6,3,UT005,UT066,UT006,4,0,4,0
M003,1,6,4,UT006,UT066,UT005,2,0,2,0
M003,1,6,5,UT005,UT066,UT006,1,0,1,0
M003,1,6,6,UT006,UT066,UT005,0,0,0,0
M003,2,1,1,UT015,UT071,UT016,1,0,1,0
M003,2,1,2,UT016,UT071,UT015,4,0,4,0
M003,2,1,3,UT015,UT071,UT016,0,0,0,0
M003,2,1,4,UT016,UT071,UT015,2,0,2,0
M003,2,1,5,UT015,UT071,UT016,6,0,6,0
M003,2,1,6,UT016,UT071,UT015,0,0,0,0
M003,2,2,1,UT015,UT072,UT016,4,0,4,0
M003,2,2,2,UT016,UT072,UT015,1,0,1,0
M003,2,2,3,UT015,UT072,UT016,0,0,0,0
M003,2,2,4,UT016,UT072,UT015,6,0,6,0
M003,2,2,5,UT015,UT072,UT016,2,0,2,0
M003,2,2,6,UT016,UT072,UT015,0,0,0,1
M003,2,3,1,UT015,UT073,UT016,1,0,1,0
M003,2,3,2,UT016,UT073,UT015,4,0,4,0
M003,2,3,3,UT015,UT073,UT016,0,0,0,0
M003,2,3,4,UT016,UT073,UT015,2,0,2,0
M003,2,3,5,UT015,UT073,UT016,1,0,1,0
M003,2,3,6,UT016,UT073,UT015,0,0,0,0
M003,2,4,1,UT016,UT074,UT015,6,0,6,0
M003,2,4,2,UT015,UT074,UT016,0,0,0,0
M003,2,4,3,UT015,UT074,UT016,4,0,4,0
M003,2,4,4,UT016,UT074,UT015,1,0,1,0
M003,2,4,5,UT015,UT074,UT016,2,0,2,0
M003,2,4,6,UT016,UT074,UT015,0,0,0,0
M003,2,5,1,UT015,UT075,UT016,4,0,4,0
M003,2,5,2,UT016,UT075,UT015,1,0,1,0
M003,2,5,3,UT015,UT075,UT016,6,0,6,0
M003,2,5,4,UT016,UT075,UT015,0,0,0,0
M003,2,5,5,UT016,UT075,UT015,2,0,2,0
M003,2,5,6,UT015,UT075,UT016,1,0,1,0
M003,2,6,1,UT016,UT076,UT015,0,0,0,0
M003,2,6,2,UT015,UT076,UT016,4,0,4,0
M003,2,6,3,UT016,UT076,UT015,1,0,1,0
M003,2,6,4,UT016,UT076,UT015,6,0,6,0
M003,2,6,5,UT015,UT076,UT016,0,0,0,0
M003,2,6,6,UT016,UT076,UT015,2,0,2,0
match_id,inning,over,ball,batter,bowler,non_striker,runs_batter,runs_extra,total_runs,is_wicket
M004,1,1,1,UT007,UT081,UT008,1,0,1,0
M004,1,1,2,UT008,UT081,UT007,4,0,4,0
M004,1,1,3,UT007,UT081,UT008,0,0,0,0
M004,1,1,4,UT008,UT081,UT007,2,0,2,0
M004,1,1,5,UT007,UT081,UT008,6,0,6,0
M004,1,1,6,UT008,UT081,UT007,0,0,0,0
M004,1,2,1,UT007,UT082,UT008,4,0,4,0
M004,1,2,2,UT008,UT082,UT007,1,0,1,0
M004,1,2,3,UT007,UT082,UT008,0,0,0,0
M004,1,2,4,UT008,UT082,UT007,6,0,6,0
M004,1,2,5,UT007,UT082,UT008,2,0,2,0
M004,1,2,6,UT008,UT082,UT007,0,1,1,0
M004,1,3,1,UT008,UT083,UT007,1,0,1,0
M004,1,3,2,UT007,UT083,UT008,4,0,4,0
M004,1,3,3,UT008,UT083,UT007,0,0,0,0
M004,1,3,4,UT007,UT083,UT008,2,0,2,0
M004,1,3,5,UT008,UT083,UT007,1,0,1,0
M004,1,3,6,UT007,UT083,UT008,0,0,0,1
M004,1,4,1,UT007,UT084,UT008,6,0,6,0
M004,1,4,2,UT008,UT084,UT007,0,0,0,0
M004,1,4,3,UT007,UT084,UT008,4,0,4,0
M004,1,4,4,UT008,UT084,UT007,1,0,1,0
M004,1,4,5,UT008,UT084,UT007,2,0,2,0
M004,1,4,6,UT007,UT084,UT008,0,0,0,0
M004,1,5,1,UT008,UT085,UT007,4,0,4,0
M004,1,5,2,UT007,UT085,UT008,1,0,1,0
M004,1,5,3,UT008,UT085,UT007,0,0,0,0
M004,1,5,4,UT007,UT085,UT008,6,0,6,0
M004,1,5,5,UT008,UT085,UT007,2,0,2,0
M004,1,5,6,UT007,UT085,UT008,0,0,0,0
M004,1,6,1,UT007,UT086,UT008,1,0,1,0
M004,1,6,2,UT008,UT086,UT007,4,0,4,0
M004,1,6,3,UT007,UT086,UT008,0,0,0,0
M004,1,6,4,UT008,UT086,UT007,2,0,2,0
M004,1,6,5,UT007,UT086,UT008,6,0,6,0
M004,1,6,6,UT008,UT086,UT007,0,0,0,0
M004,2,1,1,UT017,UT091,UT018,4,0,4,0
M004,2,1,2,UT018,UT091,UT017,0,0,0,0
M004,2,1,3,UT017,UT091,UT018,1,0,1,0
M004,2,1,4,UT018,UT091,UT017,6,0,6,0
M004,2,1,5,UT017,UT091,UT018,2,0,2,0
M004,2,1,6,UT018,UT091,UT017,0,0,0,0
M004,2,2,1,UT017,UT092,UT018,1,0,1,0
M004,2,2,2,UT018,UT092,UT017,4,0,4,0
M004,2,2,3,UT017,UT092,UT018,0,0,0,0
M004,2,2,4,UT018,UT092,UT017,2,0,2,0
M004,2,2,5,UT017,UT092,UT018,1,0,1,0
M004,2,2,6,UT018,UT092,UT017,0,1,1,0
M004,2,3,1,UT018,UT093,UT017,6,0,6,0
M004,2,3,2,UT017,UT093,UT018,0,0,0,0
M004,2,3,3,UT018,UT093,UT017,4,0,4,0
M004,2,3,4,UT017,UT093,UT018,1,0,1,0
M004,2,3,5,UT018,UT093,UT017,0,0,0,1
M004,2,3,6,UT017,UT093,UT018,2,0,2,0
M004,2,4,1,UT018,UT094,UT017,1,0,1,0
M004,2,4,2,UT017,UT094,UT018,4,0,4,0
M004,2,4,3,UT018,UT094,UT017,2,0,2,0
M004,2,4,4,UT018,UT094,UT017,0,0,0,0
M004,2,4,5,UT017,UT094,UT018,1,0,1,0
M004,2,4,6,UT018,UT094,UT017,6,0,6,0
M004,2,5,1,UT017,UT095,UT018,0,0,0,0
M004,2,5,2,UT018,UT095,UT017,2,0,2,0
M004,2,5,3,UT017,UT095,UT018,4,0,4,0
M004,2,5,4,UT018,UT095,UT017,1,0,1,0
M004,2,5,5,UT017,UT095,UT018,6,0,6,0
M004,2,5,6,UT018,UT095,UT017,0,0,0,0
M004,2,6,1,UT017,UT096,UT018,1,0,1,0
M004,2,6,2,UT018,UT096,UT017,0,0,0,0
M004,2,6,3,UT017,UT096,UT018,4,0,4,0
M004,2,6,4,UT018,UT096,UT017,2,0,2,0
M004,2,6,5,UT017,UT096,UT018,1,0,1,0
M004,2,6,6,UT018,UT096,UT017,0,0,0,0
M005,1,1,1,UT009,UT101,UT010,4,0,4,0
M005,1,1,2,UT010,UT101,UT009,1,0,1,0
M005,1,1,3,UT009,UT101,UT010,0,0,0,0
M005,1,1,4,UT010,UT101,UT009,6,0,6,0
M005,1,1,5,UT009,UT101,UT010,2,0,2,0
M005,1,1,6,UT010,UT101,UT009,0,0,0,0
M005,1,2,1,UT009,UT102,UT010,1,0,1,0
M005,1,2,2,UT010,UT102,UT009,4,0,4,0
M005,1,2,3,UT009,UT102,UT010,0,0,0,0
M005,1,2,4,UT010,UT102,UT009,2,0,2,0
M005,1,2,5,UT009,UT102,UT010,1,0,1,0
M005,1,2,6,UT010,UT102,UT009,0,1,1,0
M005,1,3,1,UT010,UT103,UT009,6,0,6,0
M005,1,3,2,UT009,UT103,UT010,0,0,0,0
M005,1,3,3,UT010,UT103,UT009,4,0,4,0
M005,1,3,4,UT009,UT103,UT010,1,0,1,0
M005,1,3,5,UT010,UT103,UT009,0,0,0,1
M005,1,3,6,UT009,UT103,UT010,2,0,2,0
M005,1,4,1,UT010,UT104,UT009,1,0,1,0
M005,1,4,2,UT009,UT104,UT010,4,0,4,0
M005,1,4,3,UT010,UT104,UT009,2,0,2,0
M005,1,4,4,UT009,UT104,UT010,0,0,0,0
M005,1,4,5,UT010,UT104,UT009,1,0,1,0
M005,1,4,6,UT009,UT104,UT010,6,0,6,0
M005,1,5,1,UT009,UT105,UT010,0,0,0,0
M005,1,5,2,UT010,UT105,UT009,2,0,2,0
M005,1,5,3,UT009,UT105,UT010,4,0,4,0
M005,1,5,4,UT010,UT105,UT009,1,0,1,0
M005,1,5,5,UT009,UT105,UT010,6,0,6,0
M005,1,5,6,UT010,UT105,UT009,0,0,0,0
M005,1,6,1,UT010,UT106,UT009,1,0,1,0
M005,1,6,2,UT009,UT106,UT010,4,0,4,0
M005,1,6,3,UT010,UT106,UT009,0,0,0,0
M005,1,6,4,UT009,UT106,UT010,2,0,2,0
M005,1,6,5,UT010,UT106,UT009,6,0,6,0
M005,1,6,6,UT009,UT106,UT010,0,0,0,0
M005,2,1,1,UT019,UT111,UT020,1,0,1,0
M005,2,1,2,UT020,UT111,UT019,4,0,4,0
M005,2,1,3,UT019,UT111,UT020,0,0,0,0
M005,2,1,4,UT020,UT111,UT019,2,0,2,0
M005,2,1,5,UT019,UT111,UT020,6,0,6,0
M005,2,1,6,UT020,UT111,UT019,0,0,0,0
M005,2,2,1,UT019,UT112,UT020,4,0,4,0
M005,2,2,2,UT020,UT112,UT019,1,0,1,0
M005,2,2,3,UT019,UT112,UT020,0,0,0,0
M005,2,2,4,UT020,UT112,UT019,6,0,6,0
M005,2,2,5,UT019,UT112,UT020,2,0,2,0
M005,2,2,6,UT020,UT112,UT019,0,0,0,1
M005,2,3,1,UT020,UT113,UT019,1,0,1,0
M005,2,3,2,UT019,UT113,UT020,4,0,4,0
M005,2,3,3,UT020,UT113,UT019,0,0,0,0
M005,2,3,4,UT019,UT113,UT020,2,0,2,0
M005,2,3,5,UT019,UT113,UT020,1,0,1,0
M005,2,3,6,UT019,UT113,UT020,0,0,0,0
M005,2,4,1,UT019,UT114,UT020,6,0,6,0
M005,2,4,2,UT020,UT114,UT019,0,0,0,0
M005,2,4,3,UT019,UT114,UT020,4,0,4,0
M005,2,4,4,UT020,UT114,UT019,1,0,1,0
M005,2,4,5,UT019,UT114,UT020,2,0,2,0
M005,2,4,6,UT020,UT114,UT019,0,0,0,0
M005,2,5,1,UT020,UT115,UT019,4,0,4,0
M005,2,5,2,UT019,UT115,UT020,1,0,1,0
M005,2,5,3,UT020,UT115,UT019,6,0,6,0
M005,2,5,4,UT019,UT115,UT020,0,0,0,0
M005,2,5,5,UT020,UT115,UT019,2,0,2,0
M005,2,5,6,UT019,UT115,UT020,1,0,1,0
M005,2,6,1,UT020,UT116,UT019,0,0,0,0
M005,2,6,2,UT019,UT116,UT020,4,0,4,0
M005,2,6,3,UT020,UT116,UT019,1,0,1,0
M005,2,6,4,UT020,UT116,UT019,6,0,6,0
M005,2,6,5,UT019,UT116,UT020,0,0,0,0
M005,2,6,6,UT020,UT116,UT019,2,0,2,0
match_id,inning,over,ball,batter,bowler,non_striker,runs_batter,runs_extra,total_runs,is_wicket
M006,1,1,1,UT021,UT121,UT022,4,0,4,0
M006,1,1,2,UT022,UT121,UT021,0,0,0,0
M006,1,1,3,UT021,UT121,UT022,1,0,1,0
M006,1,1,4,UT022,UT121,UT021,6,0,6,0
M006,1,1,5,UT021,UT121,UT022,2,0,2,0
M006,1,1,6,UT022,UT121,UT021,0,0,0,0
M006,1,2,1,UT021,UT122,UT022,1,0,1,0
M006,1,2,2,UT022,UT122,UT021,4,0,4,0
M006,1,2,3,UT021,UT122,UT022,0,0,0,0
M006,1,2,4,UT022,UT122,UT021,2,0,2,0
M006,1,2,5,UT021,UT122,UT022,6,0,6,0
M006,1,2,6,UT022,UT122,UT021,0,1,1,0
M006,1,3,1,UT022,UT123,UT021,1,0,1,0
M006,1,3,2,UT021,UT123,UT022,4,0,4,0
M006,1,3,3,UT022,UT123,UT021,0,0,0,0
M006,1,3,4,UT021,UT123,UT022,2,0,2,0
M006,1,3,5,UT022,UT123,UT021,1,0,1,0
M006,1,3,6,UT021,UT123,UT022,0,0,0,1
M006,1,4,1,UT021,UT124,UT022,6,0,6,0
M006,1,4,2,UT022,UT124,UT021,0,0,0,0
M006,1,4,3,UT021,UT124,UT022,4,0,4,0
M006,1,4,4,UT022,UT124,UT021,1,0,1,0
M006,1,4,5,UT022,UT124,UT021,2,0,2,0
M006,1,4,6,UT021,UT124,UT022,0,0,0,0
M006,1,5,1,UT022,UT125,UT021,4,0,4,0
M006,1,5,2,UT021,UT125,UT022,1,0,1,0
M006,1,5,3,UT022,UT125,UT021,0,0,0,0
M006,1,5,4,UT021,UT125,UT022,6,0,6,0
M006,1,5,5,UT022,UT125,UT021,2,0,2,0
M006,1,5,6,UT021,UT125,UT022,0,0,0,0
M006,1,6,1,UT021,UT126,UT022,1,0,1,0
M006,1,6,2,UT022,UT126,UT021,4,0,4,0
M006,1,6,3,UT021,UT126,UT022,0,0,0,0
M006,1,6,4,UT022,UT126,UT021,2,0,2,0
M006,1,6,5,UT021,UT126,UT022,6,0,6,0
M006,1,6,6,UT022,UT126,UT021,0,0,0,0
M006,2,1,1,UT023,UT131,UT024,1,0,1,0
M006,2,1,2,UT024,UT131,UT023,4,0,4,0
M006,2,1,3,UT023,UT131,UT024,0,0,0,0
M006,2,1,4,UT024,UT131,UT023,2,0,2,0
M006,2,1,5,UT023,UT131,UT024,6,0,6,0
M006,2,1,6,UT024,UT131,UT023,0,0,0,0
M006,2,2,1,UT023,UT132,UT024,4,0,4,0
M006,2,2,2,UT024,UT132,UT023,1,0,1,0
M006,2,2,3,UT023,UT132,UT024,0,0,0,0
M006,2,2,4,UT024,UT132,UT023,6,0,6,0
M006,2,2,5,UT023,UT132,UT024,2,0,2,0
M006,2,2,6,UT024,UT132,UT023,0,0,0,1
M006,2,3,1,UT024,UT133,UT023,1,0,1,0
M006,2,3,2,UT023,UT133,UT024,4,0,4,0
M006,2,3,3,UT024,UT133,UT023,0,0,0,0
M006,2,3,4,UT023,UT133,UT024,2,0,2,0
M006,2,3,5,UT024,UT133,UT023,1,0,1,0
M006,2,3,6,UT023,UT133,UT024,0,0,0,0
M006,2,4,1,UT024,UT134,UT023,6,0,6,0
M006,2,4,2,UT023,UT134,UT024,0,0,0,0
M006,2,4,3,UT024,UT134,UT023,4,0,4,0
M006,2,4,4,UT023,UT134,UT024,1,0,1,0
M006,2,4,5,UT023,UT134,UT024,2,0,2,0
M006,2,4,6,UT024,UT134,UT023,0,0,0,0
M006,2,5,1,UT023,UT135,UT024,4,0,4,0
M006,2,5,2,UT024,UT135,UT023,1,0,1,0
M006,2,5,3,UT023,UT135,UT024,6,0,6,0
M006,2,5,4,UT024,UT135,UT023,0,0,0,0
M006,2,5,5,UT024,UT135,UT023,2,0,2,0
M006,2,5,6,UT023,UT135,UT024,1,0,1,0
M006,2,6,1,UT024,UT136,UT023,0,0,0,0
M006,2,6,2,UT023,UT136,UT024,4,0,4,0
M006,2,6,3,UT024,UT136,UT023,1,0,1,0
M006,2,6,4,UT023,UT136,UT024,6,0,6,0
M006,2,6,5,UT023,UT136,UT024,0,0,0,0
M006,2,6,6,UT024,UT136,UT023,2,0,2,0
M007,1,1,1,UT025,UT141,UT026,1,0,1,0
M007,1,1,2,UT026,UT141,UT025,4,0,4,0
M007,1,1,3,UT025,UT141,UT026,0,0,0,0
M007,1,1,4,UT026,UT141,UT025,6,0,6,0
M007,1,1,5,UT025,UT141,UT026,2,0,2,0
M007,1,1,6,UT026,UT141,UT025,0,0,0,0
M007,1,2,1,UT025,UT142,UT026,4,0,4,0
M007,1,2,2,UT026,UT142,UT025,1,0,1,0
M007,1,2,3,UT025,UT142,UT026,0,0,0,0
M007,1,2,4,UT026,UT142,UT025,2,0,2,0
M007,1,2,5,UT025,UT142,UT026,6,0,6,0
M007,1,2,6,UT026,UT142,UT025,0,1,1,0
M007,1,3,1,UT026,UT143,UT025,1,0,1,0
M007,1,3,2,UT025,UT143,UT026,4,0,4,0
M007,1,3,3,UT026,UT143,UT025,0,0,0,0
M007,1,3,4,UT025,UT143,UT026,2,0,2,0
M007,1,3,5,UT025,UT143,UT026,1,0,1,0
M007,1,3,6,UT026,UT143,UT025,0,0,0,1
M007,1,4,1,UT025,UT144,UT026,6,0,6,0
M007,1,4,2,UT026,UT144,UT025,0,0,0,0
M007,1,4,3,UT025,UT144,UT026,4,0,4,0
M007,1,4,4,UT026,UT144,UT025,1,0,1,0
M007,1,4,5,UT026,UT144,UT025,2,0,2,0
M007,1,4,6,UT025,UT144,UT026,0,0,0,0
M007,1,5,1,UT026,UT145,UT025,4,0,4,0
M007,1,5,2,UT025,UT145,UT026,1,0,1,0
M007,1,5,3,UT026,UT145,UT025,0,0,0,0
M007,1,5,4,UT025,UT145,UT026,6,0,6,0
M007,1,5,5,UT026,UT145,UT025,2,0,2,0
M007,1,5,6,UT025,UT145,UT026,0,0,0,0
M007,1,6,1,UT025,UT146,UT026,1,0,1,0
M007,1,6,2,UT026,UT146,UT025,4,0,4,0
M007,1,6,3,UT025,UT146,UT026,0,0,0,0
M007,1,6,4,UT026,UT146,UT025,2,0,2,0
M007,1,6,5,UT025,UT146,UT026,6,0,6,0
M007,1,6,6,UT026,UT146,UT025,0,0,0,0
M007,2,1,1,UT027,UT151,UT028,4,0,4,0
M007,2,1,2,UT028,UT151,UT027,1,0,1,0
M007,2,1,3,UT027,UT151,UT028,0,0,0,0
M007,2,1,4,UT028,UT151,UT027,6,0,6,0
M007,2,1,5,UT027,UT151,UT028,2,0,2,0
M007,2,1,6,UT028,UT151,UT027,0,0,0,0
M007,2,2,1,UT027,UT152,UT028,1,0,1,0
M007,2,2,2,UT028,UT152,UT027,4,0,4,0
M007,2,2,3,UT027,UT152,UT028,0,0,0,0
M007,2,2,4,UT028,UT152,UT027,2,0,2,0
M007,2,2,5,UT027,UT152,UT028,1,0,1,0
M007,2,2,6,UT027,UT152,UT028,0,1,1,0
M007,2,3,1,UT028,UT153,UT027,6,0,6,0
M007,2,3,2,UT027,UT153,UT028,0,0,0,0
M007,2,3,3,UT028,UT153,UT027,4,0,4,0
M007,2,3,4,UT027,UT153,UT028,1,0,1,0
M007,2,3,5,UT028,UT153,UT027,0,0,0,1
M007,2,3,6,UT027,UT153,UT028,2,0,2,0
M007,2,4,1,UT028,UT154,UT027,1,0,1,0
M007,2,4,2,UT027,UT154,UT028,4,0,4,0
M007,2,4,3,UT028,UT154,UT027,2,0,2,0
M007,2,4,4,UT028,UT154,UT027,0,0,0,0
M007,2,4,5,UT027,UT154,UT028,1,0,1,0
M007,2,4,6,UT028,UT154,UT027,6,0,6,0
M007,2,5,1,UT027,UT155,UT028,0,0,0,0
M007,2,5,2,UT028,UT155,UT027,2,0,2,0
M007,2,5,3,UT027,UT155,UT028,4,0,4,0
M007,2,5,4,UT028,UT155,UT027,1,0,1,0
M007,2,5,5,UT027,UT155,UT028,6,0,6,0
M007,2,5,6,UT028,UT155,UT027,0,0,0,0
M007,2,6,1,UT028,UT156,UT027,1,0,1,0
M007,2,6,2,UT027,UT156,UT028,0,0,0,0
M007,2,6,3,UT028,UT156,UT027,4,0,4,0
M007,2,6,4,UT027,UT156,UT028,2,0,2,0
M007,2,6,5,UT027,UT156,UT028,1,0,1,0
M007,2,6,6,UT028,UT156,UT027,0,0,0,0
match_id,inning,over,ball,batter,bowler,non_striker,runs_batter,runs_extra,total_runs,is_wicket
M008,1,1,1,UT029,UT161,UT030,4,0,4,0
M008,1,1,2,UT030,UT161,UT029,1,0,1,0
M008,1,1,3,UT029,UT161,UT030,0,0,0,0
M008,1,1,4,UT030,UT161,UT029,6,0,6,0
M008,1,1,5,UT029,UT161,UT030,2,0,2,0
M008,1,1,6,UT030,UT161,UT029,0,0,0,0
M008,1,2,1,UT029,UT162,UT030,1,0,1,0
M008,1,2,2,UT030,UT162,UT029,4,0,4,0
M008,1,2,3,UT029,UT162,UT030,0,0,0,0
M008,1,2,4,UT030,UT162,UT029,2,0,2,0
M008,1,2,5,UT029,UT162,UT030,6,0,6,0
M008,1,2,6,UT030,UT162,UT029,0,1,1,0
M008,1,3,1,UT030,UT163,UT029,1,0,1,0
M008,1,3,2,UT029,UT163,UT030,4,0,4,0
M008,1,3,3,UT030,UT163,UT029,0,0,0,0
M008,1,3,4,UT029,UT163,UT030,2,0,2,0
M008,1,3,5,UT030,UT163,UT029,1,0,1,0
M008,1,3,6,UT029,UT163,UT030,0,0,0,1
M008,1,4,1,UT029,UT164,UT030,6,0,6,0
M008,1,4,2,UT030,UT164,UT029,0,0,0,0
M008,1,4,3,UT029,UT164,UT030,4,0,4,0
M008,1,4,4,UT030,UT164,UT029,1,0,1,0
M008,1,4,5,UT029,UT164,UT030,2,0,2,0
M008,1,4,6,UT030,UT164,UT029,0,0,0,0
M008,1,5,1,UT030,UT165,UT029,4,0,4,0
M008,1,5,2,UT029,UT165,UT030,1,0,1,0
M008,1,5,3,UT030,UT165,UT029,0,0,0,0
M008,1,5,4,UT029,UT165,UT030,6,0,6,0
M008,1,5,5,UT030,UT165,UT029,2,0,2,0
M008,1,5,6,UT029,UT165,UT030,0,0,0,0
M008,1,6,1,UT029,UT166,UT030,1,0,1,0
M008,1,6,2,UT030,UT166,UT029,4,0,4,0
M008,1,6,3,UT029,UT166,UT030,0,0,0,0
M008,1,6,4,UT030,UT166,UT029,2,0,2,0
M008,1,6,5,UT030,UT166,UT029,6,0,6,0
M008,1,6,6,UT029,UT166,UT030,0,0,0,0
M008,2,1,1,UT031,UT171,UT032,1,0,1,0
M008,2,1,2,UT032,UT171,UT031,4,0,4,0
M008,2,1,3,UT031,UT171,UT032,0,0,0,0
M008,2,1,4,UT032,UT171,UT031,2,0,2,0
M008,2,1,5,UT031,UT171,UT032,6,0,6,0
M008,2,1,6,UT032,UT171,UT031,0,0,0,0
M008,2,2,1,UT031,UT172,UT032,4,0,4,0
M008,2,2,2,UT032,UT172,UT031,1,0,1,0
M008,2,2,3,UT031,UT172,UT032,0,0,0,0
M008,2,2,4,UT032,UT172,UT031,6,0,6,0
M008,2,2,5,UT031,UT172,UT032,2,0,2,0
M008,2,2,6,UT032,UT172,UT031,0,0,0,1
M008,2,3,1,UT032,UT173,UT031,1,0,1,0
M008,2,3,2,UT031,UT173,UT032,4,0,4,0
M008,2,3,3,UT032,UT173,UT031,0,0,0,0
M008,2,3,4,UT031,UT173,UT032,2,0,2,0
M008,2,3,5,UT032,UT173,UT031,1,0,1,0
M008,2,3,6,UT031,UT173,UT032,0,0,0,0
M008,2,4,1,UT031,UT174,UT032,6,0,6,0
M008,2,4,2,UT032,UT174,UT031,0,0,0,0
M008,2,4,3,UT031,UT174,UT032,4,0,4,0
M008,2,4,4,UT032,UT174,UT031,1,0,1,0
M008,2,4,5,UT031,UT174,UT032,2,0,2,0
M008,2,4,6,UT031,UT174,UT032,0,0,0,0
M008,2,5,1,UT032,UT175,UT031,4,0,4,0
M008,2,5,2,UT031,UT175,UT032,1,0,1,0
M008,2,5,3,UT032,UT175,UT031,6,0,6,0
M008,2,5,4,UT031,UT175,UT032,0,0,0,0
M008,2,5,5,UT032,UT175,UT031,2,0,2,0
M008,2,5,6,UT031,UT175,UT032,1,0,1,0
M008,2,6,1,UT032,UT176,UT031,0,0,0,0
M008,2,6,2,UT031,UT176,UT032,4,0,4,0
M008,2,6,3,UT032,UT176,UT031,1,0,1,0
M008,2,6,4,UT031,UT176,UT032,6,0,6,0
M008,2,6,5,UT032,UT176,UT031,0,0,0,0
M008,2,6,6,UT031,UT176,UT032,2,0,2,0
M009,1,1,1,UT033,UT181,UT034,1,0,1,0
M009,1,1,2,UT034,UT181,UT033,4,0,4,0
M009,1,1,3,UT033,UT181,UT034,0,0,0,0
M009,1,1,4,UT034,UT181,UT033,6,0,6,0
M009,1,1,5,UT033,UT181,UT034,2,0,2,0
M009,1,1,6,UT034,UT181,UT033,0,0,0,0
M009,1,2,1,UT033,UT182,UT034,4,0,4,0
M009,1,2,2,UT034,UT182,UT033,1,0,1,0
M009,1,2,3,UT033,UT182,UT034,0,0,0,0
M009,1,2,4,UT034,UT182,UT033,2,0,2,0
M009,1,2,5,UT033,UT182,UT034,6,0,6,0
M009,1,2,6,UT034,UT182,UT033,0,1,1,0
M009,1,3,1,UT034,UT183,UT033,1,0,1,0
M009,1,3,2,UT033,UT183,UT034,4,0,4,0
M009,1,3,3,UT034,UT183,UT033,0,0,0,0
M009,1,3,4,UT033,UT183,UT034,2,0,2,0
M009,1,3,5,UT034,UT183,UT033,1,0,1,0
M009,1,3,6,UT034,UT183,UT033,0,0,0,1
M009,1,4,1,UT033,UT184,UT034,6,0,6,0
M009,1,4,2,UT034,UT184,UT033,0,0,0,0
M009,1,4,3,UT033,UT184,UT034,4,0,4,0
M009,1,4,4,UT034,UT184,UT033,1,0,1,0
M009,1,4,5,UT033,UT184,UT034,2,0,2,0
M009,1,4,6,UT033,UT184,UT034,0,0,0,0
M009,1,5,1,UT034,UT185,UT033,4,0,4,0
M009,1,5,2,UT033,UT185,UT034,1,0,1,0
M009,1,5,3,UT034,UT185,UT033,0,0,0,0
M009,1,5,4,UT033,UT185,UT034,6,0,6,0
M009,1,5,5,UT034,UT185,UT033,2,0,2,0
M009,1,5,6,UT034,UT185,UT033,0,0,0,0
M009,1,6,1,UT033,UT186,UT034,1,0,1,0
M009,1,6,2,UT034,UT186,UT033,4,0,4,0
M009,1,6,3,UT033,UT186,UT034,0,0,0,0
M009,1,6,4,UT034,UT186,UT033,2,0,2,0
M009,1,6,5,UT033,UT186,UT034,6,0,6,0
M009,1,6,6,UT034,UT186,UT033,0,0,0,0
M009,2,1,1,UT035,UT191,UT036,4,0,4,0
M009,2,1,2,UT036,UT191,UT035,1,0,1,0
M009,2,1,3,UT035,UT191,UT036,0,0,0,0
M009,2,1,4,UT036,UT191,UT035,6,0,6,0
M009,2,1,5,UT035,UT191,UT036,2,0,2,0
M009,2,1,6,UT036,UT191,UT035,0,0,0,0
M009,2,2,1,UT035,UT192,UT036,1,0,1,0
M009,2,2,2,UT036,UT192,UT035,4,0,4,0
M009,2,2,3,UT035,UT192,UT036,0,0,0,0
M009,2,2,4,UT036,UT192,UT035,2,0,2,0
M009,2,2,5,UT035,UT192,UT036,6,0,6,0
M009,2,2,6,UT036,UT192,UT035,0,1,1,0
M009,2,3,1,UT036,UT193,UT035,1,0,1,0
M009,2,3,2,UT035,UT193,UT036,4,0,4,0
M009,2,3,3,UT036,UT193,UT035,0,0,0,0
M009,2,3,4,UT035,UT193,UT036,2,0,2,0
M009,2,3,5,UT036,UT193,UT035,1,0,1,0
M009,2,3,6,UT035,UT193,UT036,0,0,0,1
M009,2,4,1,UT035,UT194,UT036,6,0,6,0
M009,2,4,2,UT036,UT194,UT035,0,0,0,0
M009,2,4,3,UT035,UT194,UT036,4,0,4,0
M009,2,4,4,UT036,UT194,UT035,1,0,1,0
M009,2,4,5,UT035,UT194,UT036,2,0,2,0
M009,2,4,6,UT036,UT194,UT035,0,0,0,0
M009,2,5,1,UT036,UT195,UT035,4,0,4,0
M009,2,5,2,UT035,UT195,UT036,1,0,1,0
M009,2,5,3,UT036,UT195,UT035,6,0,6,0
M009,2,5,4,UT035,UT195,UT036,0,0,0,0
M009,2,5,5,UT036,UT195,UT035,2,0,2,0
M009,2,5,6,UT035,UT195,UT036,1,0,1,0
M009,2,6,1,UT036,UT196,UT035,0,0,0,0
M009,2,6,2,UT035,UT196,UT036,4,0,4,0
M009,2,6,3,UT036,UT196,UT035,1,0,1,0
M009,2,6,4,UT035,UT196,UT036,6,0,6,0
M009,2,6,5,UT036,UT196,UT035,0,0,0,0
M009,2,6,6,UT036,UT196,UT035,2,0,2,0
match_id,inning,over,ball,batter,bowler,non_striker,runs_batter,runs_extra,total_runs,is_wicket
M010,1,1,1,UT037,UT201,UT038,4,0,4,0
M010,1,1,2,UT038,UT201,UT037,1,0,1,0
M010,1,1,3,UT037,UT201,UT038,0,0,0,0
M010,1,1,4,UT038,UT201,UT037,6,0,6,0
M010,1,1,5,UT037,UT201,UT038,2,0,2,0
M010,1,1,6,UT038,UT201,UT037,0,0,0,0
M010,1,2,1,UT037,UT202,UT038,1,0,1,0
M010,1,2,2,UT038,UT202,UT037,4,0,4,0
M010,1,2,3,UT037,UT202,UT038,0,0,0,0
M010,1,2,4,UT038,UT202,UT037,2,0,2,0
M010,1,2,5,UT037,UT202,UT038,6,0,6,0
M010,1,2,6,UT038,UT202,UT037,0,1,1,0
M010,1,3,1,UT038,UT203,UT037,1,0,1,0
M010,1,3,2,UT037,UT203,UT038,4,0,4,0
M010,1,3,3,UT038,UT203,UT037,0,0,0,0
M010,1,3,4,UT037,UT203,UT038,2,0,2,0
M010,1,3,5,UT038,UT203,UT037,1,0,1,0
M010,1,3,6,UT037,UT203,UT038,0,0,0,1
M010,1,4,1,UT037,UT204,UT038,6,0,6,0
M010,1,4,2,UT038,UT204,UT037,0,0,0,0
M010,1,4,3,UT037,UT204,UT038,4,0,4,0
M010,1,4,4,UT038,UT204,UT037,1,0,1,0
M010,1,4,5,UT037,UT204,UT038,2,0,2,0
M010,1,4,6,UT038,UT204,UT037,0,0,0,0
M010,1,5,1,UT038,UT205,UT037,4,0,4,0
M010,1,5,2,UT037,UT205,UT038,1,0,1,0
M010,1,5,3,UT038,UT205,UT037,0,0,0,0
M010,1,5,4,UT037,UT205,UT038,6,0,6,0
M010,1,5,5,UT038,UT205,UT037,2,0,2,0
M010,1,5,6,UT037,UT205,UT038,0,0,0,0
M010,1,6,1,UT037,UT206,UT038,1,0,1,0
M010,1,6,2,UT038,UT206,UT037,4,0,4,0
M010,1,6,3,UT037,UT206,UT038,0,0,0,0
M010,1,6,4,UT038,UT206,UT037,2,0,2,0
M010,1,6,5,UT037,UT206,UT038,6,0,6,0
M010,1,6,6,UT038,UT206,UT037,0,0,0,0
M010,2,1,1,UT039,UT211,UT040,1,0,1,0
M010,2,1,2,UT040,UT211,UT039,4,0,4,0
M010,2,1,3,UT039,UT211,UT040,0,0,0,0
M010,2,1,4,UT040,UT211,UT039,6,0,6,0
M010,2,1,5,UT039,UT211,UT040,2,0,2,0
M010,2,1,6,UT040,UT211,UT039,0,0,0,0
M010,2,2,1,UT039,UT212,UT040,4,0,4,0
M010,2,2,2,UT040,UT212,UT039,1,0,1,0
M010,2,2,3,UT039,UT212,UT040,0,0,0,0
M010,2,2,4,UT040,UT212,UT039,2,0,2,0
M010,2,2,5,UT039,UT212,UT040,6,0,6,0
M010,2,2,6,UT040,UT212,UT039,0,1,1,0
M010,2,3,1,UT040,UT213,UT039,1,0,1,0
M010,2,3,2,UT039,UT213,UT040,4,0,4,0
M010,2,3,3,UT040,UT213,UT039,0,0,0,0
M010,2,3,4,UT039,UT213,UT040,2,0,2,0
M010,2,3,5,UT040,UT213,UT039,1,0,1,0
M010,2,3,6,UT039,UT213,UT040,0,0,0,1
M010,2,4,1,UT039,UT214,UT040,6,0,6,0
M010,2,4,2,UT040,UT214,UT039,0,0,0,0
M010,2,4,3,UT039,UT214,UT040,4,0,4,0
M010,2,4,4,UT040,UT214,UT039,1,0,1,0
M010,2,4,5,UT039,UT214,UT040,2,0,2,0
M010,2,4,6,UT040,UT214,UT039,0,0,0,0
M010,2,5,1,UT040,UT215,UT039,4,0,4,0
M010,2,5,2,UT039,UT215,UT040,1,0,1,0
M010,2,5,3,UT040,UT215,UT039,6,0,6,0
M010,2,5,4,UT039,UT215,UT040,0,0,0,0
M010,2,5,5,UT040,UT215,UT039,2,0,2,0
M010,2,5,6,UT039,UT215,UT040,1,0,1,0
M010,2,6,1,UT040,UT216,UT039,0,0,0,0
M010,2,6,2,UT039,UT216,UT040,4,0,4,0
M010,2,6,3,UT040,UT216,UT039,1,0,1,0
M010,2,6,4,UT039,UT216,UT040,6,0,6,0
M010,2,6,5,UT040,UT216,UT039,0,0,0,0
M010,2,6,6,UT040,UT216,UT039,2,0,2,0
M011,1,1,1,UT041,UT221,UT042,1,0,1,0
M011,1,1,2,UT042,UT221,UT041,4,0,4,0
M011,1,1,3,UT041,UT221,UT042,0,0,0,0
M011,1,1,4,UT042,UT221,UT041,6,0,6,0
M011,1,1,5,UT041,UT221,UT042,2,0,2,0
M011,1,1,6,UT042,UT221,UT041,0,0,0,0
M011,1,2,1,UT041,UT222,UT042,4,0,4,0
M011,1,2,2,UT042,UT222,UT041,1,0,1,0
M011,1,2,3,UT041,UT222,UT042,0,0,0,0
M011,1,2,4,UT042,UT222,UT041,2,0,2,0
M011,1,2,5,UT041,UT222,UT042,6,0,6,0
M011,1,2,6,UT042,UT222,UT041,0,1,1,0
M011,1,3,1,UT042,UT223,UT041,1,0,1,0
M011,1,3,2,UT041,UT223,UT042,4,0,4,0
M011,1,3,3,UT042,UT223,UT041,0,0,0,0
M011,1,3,4,UT041,UT223,UT042,2,0,2,0
M011,1,3,5,UT042,UT223,UT041,1,0,1,0
M011,1,3,6,UT041,UT223,UT042,0,0,0,1
M011,1,4,1,UT041,UT224,UT042,6,0,6,0
M011,1,4,2,UT042,UT224,UT041,0,0,0,0
M011,1,4,3,UT041,UT224,UT042,4,0,4,0
M011,1,4,4,UT042,UT224,UT041,1,0,1,0
M011,1,4,5,UT041,UT224,UT042,2,0,2,0
M011,1,4,6,UT042,UT224,UT041,0,0,0,0
M011,1,5,1,UT042,UT225,UT041,4,0,4,0
M011,1,5,2,UT041,UT225,UT042,1,0,1,0
M011,1,5,3,UT042,UT225,UT041,0,0,0,0
M011,1,5,4,UT041,UT225,UT042,6,0,6,0
M011,1,5,5,UT042,UT225,UT041,2,0,2,0
M011,1,5,6,UT042,UT225,UT041,0,0,0,0
M011,1,6,1,UT041,UT226,UT042,1,0,1,0
M011,1,6,2,UT042,UT226,UT041,4,0,4,0
M011,1,6,3,UT041,UT226,UT042,0,0,0,0
M011,1,6,4,UT042,UT226,UT041,2,0,2,0
M011,1,6,5,UT041,UT226,UT042,6,0,6,0
M011,1,6,6,UT042,UT226,UT041,0,0,0,0
M011,2,1,1,UT043,UT231,UT044,4,0,4,0
M011,2,1,2,UT044,UT231,UT043,1,0,1,0
M011,2,1,3,UT043,UT231,UT044,0,0,0,0
M011,2,1,4,UT044,UT231,UT043,6,0,6,0
M011,2,1,5,UT043,UT231,UT044,2,0,2,0
M011,2,1,6,UT044,UT231,UT043,0,0,0,0
M011,2,2,1,UT043,UT232,UT044,1,0,1,0
M011,2,2,2,UT044,UT232,UT043,4,0,4,0
M011,2,2,3,UT043,UT232,UT044,0,0,0,0
M011,2,2,4,UT044,UT232,UT043,2,0,2,0
M011,2,2,5,UT043,UT232,UT044,6,0,6,0
M011,2,2,6,UT044,UT232,UT043,0,1,1,0
M011,2,3,1,UT044,UT233,UT043,1,0,1,0
M011,2,3,2,UT043,UT233,UT044,4,0,4,0
M011,2,3,3,UT044,UT233,UT043,0,0,0,0
M011,2,3,4,UT043,UT233,UT044,2,0,2,0
M011,2,3,5,UT044,UT233,UT043,1,0,1,0
M011,2,3,6,UT043,UT233,UT044,0,0,0,1
M011,2,4,1,UT043,UT234,UT044,6,0,6,0
M011,2,4,2,UT044,UT234,UT043,0,0,0,0
M011,2,4,3,UT043,UT234,UT044,4,0,4,0
M011,2,4,4,UT044,UT234,UT043,1,0,1,0
M011,2,4,5,UT043,UT234,UT044,2,0,2,0
M011,2,4,6,UT044,UT234,UT043,0,0,0,0
M011,2,5,1,UT044,UT235,UT043,4,0,4,0
M011,2,5,2,UT043,UT235,UT044,1,0,1,0
M011,2,5,3,UT044,UT235,UT043,6,0,6,0
M011,2,5,4,UT043,UT235,UT044,0,0,0,0
M011,2,5,5,UT044,UT235,UT043,2,0,2,0
M011,2,5,6,UT043,UT235,UT044,1,0,1,0
M011,2,6,1,UT043,UT236,UT044,0,0,0,0
M011,2,6,2,UT044,UT236,UT043,4,0,4,0
M011,2,6,3,UT043,UT236,UT044,1,0,1,0
M011,2,6,4,UT044,UT236,UT043,6,0,6,0
M011,2,6,5,UT043,UT236,UT044,0,0,0,0
M011,2,6,6,UT044,UT236,UT043,2,0,2,0
match_id,inning,over,ball,batter,bowler,non_striker,runs_batter,runs_extra,total_runs,is_wicket
M012,1,1,1,UT045,UT241,UT046,4,0,4,0
M012,1,1,2,UT046,UT241,UT045,1,0,1,0
M012,1,1,3,UT045,UT241,UT046,0,0,0,0
M012,1,1,4,UT046,UT241,UT045,6,0,6,0
M012,1,1,5,UT045,UT241,UT046,2,0,2,0
M012,1,1,6,UT046,UT241,UT045,0,0,0,0
M012,1,2,1,UT045,UT242,UT046,1,0,1,0
M012,1,2,2,UT046,UT242,UT045,4,0,4,0
M012,1,2,3,UT045,UT242,UT046,0,0,0,0
M012,1,2,4,UT046,UT242,UT045,2,0,2,0
M012,1,2,5,UT045,UT242,UT046,6,0,6,0
M012,1,2,6,UT046,UT242,UT045,0,1,1,0
M012,1,3,1,UT046,UT243,UT045,1,0,1,0
M012,1,3,2,UT045,UT243,UT046,4,0,4,0
M012,1,3,3,UT046,UT243,UT045,0,0,0,0
M012,1,3,4,UT045,UT243,UT046,2,0,2,0
M012,1,3,5,UT046,UT243,UT045,1,0,1,0
M012,1,3,6,UT045,UT243,UT046,0,0,0,1
M012,1,4,1,UT045,UT244,UT046,6,0,6,0
M012,1,4,2,UT046,UT244,UT045,0,0,0,0
M012,1,4,3,UT045,UT244,UT046,4,0,4,0
M012,1,4,4,UT046,UT244,UT045,1,0,1,0
M012,1,4,5,UT045,UT244,UT046,2,0,2,0
M012,1,4,6,UT046,UT244,UT045,0,0,0,0
M012,1,5,1,UT046,UT245,UT045,4,0,4,0
M012,1,5,2,UT045,UT245,UT046,1,0,1,0
M012,1,5,3,UT046,UT245,UT045,0,0,0,0
M012,1,5,4,UT045,UT245,UT046,6,0,6,0
M012,1,5,5,UT046,UT245,UT045,2,0,2,0
M012,1,5,6,UT045,UT245,UT046,0,0,0,0
M012,1,6,1,UT045,UT246,UT046,1,0,1,0
M012,1,6,2,UT046,UT246,UT045,4,0,4,0
M012,1,6,3,UT045,UT246,UT046,0,0,0,0
M012,1,6,4,UT046,UT246,UT045,2,0,2,0
M012,1,6,5,UT045,UT246,UT046,6,0,6,0
M012,1,6,6,UT046,UT246,UT045,0,0,0,0
M012,2,1,1,UT047,UT251,UT048,1,0,1,0
M012,2,1,2,UT048,UT251,UT047,4,0,4,0
M012,2,1,3,UT047,UT251,UT048,0,0,0,0
M012,2,1,4,UT048,UT251,UT047,6,0,6,0
M012,2,1,5,UT047,UT251,UT048,2,0,2,0
M012,2,1,6,UT048,UT251,UT047,0,0,0,0
M012,2,2,1,UT047,UT252,UT048,4,0,4,0
M012,2,2,2,UT048,UT252,UT047,1,0,1,0
M012,2,2,3,UT047,UT252,UT048,0,0,0,0
M012,2,2,4,UT048,UT252,UT047,2,0,2,0
M012,2,2,5,UT047,UT252,UT048,6,0,6,0
M012,2,2,6,UT048,UT252,UT047,0,1,1,0
M012,2,3,1,UT048,UT253,UT047,1,0,1,0
M012,2,3,2,UT047,UT253,UT048,4,0,4,0
M012,2,3,3,UT048,UT253,UT047,0,0,0,0
M012,2,3,4,UT047,UT253,UT048,2,0,2,0
M012,2,3,5,UT048,UT253,UT047,1,0,1,0
M012,2,3,6,UT047,UT253,UT048,0,0,0,1
M012,2,4,1,UT047,UT254,UT048,6,0,6,0
M012,2,4,2,UT048,UT254,UT047,0,0,0,0
M012,2,4,3,UT047,UT254,UT048,4,0,4,0
M012,2,4,4,UT048,UT254,UT047,1,0,1,0
M012,2,4,5,UT047,UT254,UT048,2,0,2,0
M012,2,4,6,UT048,UT254,UT047,0,0,0,0
M012,2,5,1,UT048,UT255,UT047,4,0,4,0
M012,2,5,2,UT047,UT255,UT048,1,0,1,0
M012,2,5,3,UT048,UT255,UT047,6,0,6,0
M012,2,5,4,UT047,UT255,UT048,0,0,0,0
M012,2,5,5,UT048,UT255,UT047,2,0,2,0
M012,2,5,6,UT047,UT255,UT048,1,0,1,0
M012,2,6,1,UT047,UT256,UT048,0,0,0,0
M012,2,6,2,UT048,UT256,UT047,4,0,4,0
M012,2,6,3,UT047,UT256,UT048,1,0,1,0
M012,2,6,4,UT048,UT256,UT047,6,0,6,0
M012,2,6,5,UT047,UT256,UT048,0,0,0,0
M012,2,6,6,UT048,UT256,UT047,2,0,2,0
M013,1,1,1,UT049,UT261,UT050,1,0,1,0
M013,1,1,2,UT050,UT261,UT049,4,0,4,0
M013,1,1,3,UT049,UT261,UT050,0,0,0,0
M013,1,1,4,UT050,UT261,UT049,6,0,6,0
M013,1,1,5,UT049,UT261,UT050,2,0,2,0
M013,1,1,6,UT050,UT261,UT049,0,0,0,0
M013,1,2,1,UT049,UT262,UT050,4,0,4,0
M013,1,2,2,UT050,UT262,UT049,1,0,1,0
M013,1,2,3,UT049,UT262,UT050,0,0,0,0
M013,1,2,4,UT050,UT262,UT049,2,0,2,0
M013,1,2,5,UT049,UT262,UT050,6,0,6,0
M013,1,2,6,UT050,UT262,UT049,0,1,1,0
M013,1,3,1,UT050,UT263,UT049,1,0,1,0
M013,1,3,2,UT049,UT263,UT050,4,0,4,0
M013,1,3,3,UT050,UT263,UT049,0,0,0,0
M013,1,3,4,UT049,UT263,UT050,2,0,2,0
M013,1,3,5,UT050,UT263,UT049,1,0,1,0
M013,1,3,6,UT049,UT263,UT050,0,0,0,1
M013,1,4,1,UT049,UT264,UT050,6,0,6,0
M013,1,4,2,UT050,UT264,UT049,0,0,0,0
M013,1,4,3,UT049,UT264,UT050,4,0,4,0
M013,1,4,4,UT050,UT264,UT049,1,0,1,0
M013,1,4,5,UT049,UT264,UT050,2,0,2,0
M013,1,4,6,UT050,UT264,UT049,0,0,0,0
M013,1,5,1,UT050,UT265,UT049,4,0,4,0
M013,1,5,2,UT049,UT265,UT050,1,0,1,0
M013,1,5,3,UT050,UT265,UT049,0,0,0,0
M013,1,5,4,UT049,UT265,UT050,6,0,6,0
M013,1,5,5,UT050,UT265,UT049,2,0,2,0
M013,1,5,6,UT049,UT265,UT050,0,0,0,0
M013,1,6,1,UT049,UT266,UT050,1,0,1,0
M013,1,6,2,UT050,UT266,UT049,4,0,4,0
M013,1,6,3,UT049,UT266,UT050,0,0,0,0
M013,1,6,4,UT050,UT266,UT049,2,0,2,0
M013,1,6,5,UT049,UT266,UT050,6,0,6,0
M013,1,6,6,UT050,UT266,UT049,0,0,0,0
M013,2,1,1,UT051,UT271,UT052,4,0,4,0
M013,2,1,2,UT052,UT271,UT051,1,0,1,0
M013,2,1,3,UT051,UT271,UT052,0,0,0,0
M013,2,1,4,UT052,UT271,UT051,6,0,6,0
M013,2,1,5,UT051,UT271,UT052,2,0,2,0
M013,2,1,6,UT052,UT271,UT051,0,0,0,0
M013,2,2,1,UT051,UT272,UT052,1,0,1,0
M013,2,2,2,UT052,UT272,UT051,4,0,4,0
M013,2,2,3,UT051,UT272,UT052,0,0,0,0
M013,2,2,4,UT052,UT272,UT051,2,0,2,0
M013,2,2,5,UT051,UT272,UT052,6,0,6,0
M013,2,2,6,UT052,UT272,UT051,0,1,1,0
M013,2,3,1,UT052,UT273,UT051,1,0,1,0
M013,2,3,2,UT051,UT273,UT052,4,0,4,0
M013,2,3,3,UT052,UT273,UT051,0,0,0,0
M013,2,3,4,UT051,UT273,UT052,2,0,2,0
M013,2,3,5,UT052,UT273,UT051,1,0,1,0
M013,2,3,6,UT051,UT273,UT052,0,0,0,1
M013,2,4,1,UT051,UT274,UT052,6,0,6,0
M013,2,4,2,UT052,UT274,UT051,0,0,0,0
M013,2,4,3,UT051,UT274,UT052,4,0,4,0
M013,2,4,4,UT052,UT274,UT051,1,0,1,0
M013,2,4,5,UT051,UT274,UT052,2,0,2,0
M013,2,4,6,UT052,UT274,UT051,0,0,0,0
M013,2,5,1,UT052,UT275,UT051,4,0,4,0
M013,2,5,2,UT051,UT275,UT052,1,0,1,0
M013,2,5,3,UT052,UT275,UT051,6,0,6,0
M013,2,5,4,UT051,UT275,UT052,0,0,0,0
M013,2,5,5,UT052,UT275,UT051,2,0,2,0
M013,2,5,6,UT051,UT275,UT052,1,0,1,0
M013,2,6,1,UT051,UT276,UT052,0,0,0,0
M013,2,6,2,UT052,UT276,UT051,4,0,4,0
M013,2,6,3,UT051,UT276,UT052,1,0,1,0
M013,2,6,4,UT052,UT276,UT051,6,0,6,0
M013,2,6,5,UT051,UT276,UT052,0,0,0,0
M013,2,6,6,UT052,UT276,UT051,2,0,2,0
match_id,inning,over,ball,batter,bowler,non_striker,runs_batter,runs_extra,total_runs,is_wicket
M014,1,1,1,UT053,UT281,UT054,4,0,4,0
M014,1,1,2,UT054,UT281,UT053,1,0,1,0
M014,1,1,3,UT053,UT281,UT054,0,0,0,0
M014,1,1,4,UT054,UT281,UT053,6,0,6,0
M014,1,1,5,UT053,UT281,UT054,2,0,2,0
M014,1,1,6,UT054,UT281,UT053,0,0,0,0
M014,1,2,1,UT053,UT282,UT054,1,0,1,0
M014,1,2,2,UT054,UT282,UT053,4,0,4,0
M014,1,2,3,UT053,UT282,UT054,0,0,0,0
M014,1,2,4,UT054,UT282,UT053,2,0,2,0
M014,1,2,5,UT053,UT282,UT054,6,0,6,0
M014,1,2,6,UT054,UT282,UT053,0,1,1,0
M014,1,3,1,UT054,UT283,UT053,1,0,1,0
M014,1,3,2,UT053,UT283,UT054,4,0,4,0
M014,1,3,3,UT054,UT283,UT053,0,0,0,0
M014,1,3,4,UT053,UT283,UT054,2,0,2,0
M014,1,3,5,UT054,UT283,UT053,1,0,1,0
M014,1,3,6,UT053,UT283,UT054,0,0,0,1
M014,1,4,1,UT053,UT284,UT054,6,0,6,0
M014,1,4,2,UT054,UT284,UT053,0,0,0,0
M014,1,4,3,UT053,UT284,UT054,4,0,4,0
M014,1,4,4,UT054,UT284,UT053,1,0,1,0
M014,1,4,5,UT053,UT284,UT054,2,0,2,0
M014,1,4,6,UT054,UT284,UT053,0,0,0,0
M014,1,5,1,UT054,UT285,UT053,4,0,4,0
M014,1,5,2,UT053,UT285,UT054,1,0,1,0
M014,1,5,3,UT054,UT285,UT053,0,0,0,0
M014,1,5,4,UT053,UT285,UT054,6,0,6,0
M014,1,5,5,UT054,UT285,UT053,2,0,2,0
M014,1,5,6,UT053,UT285,UT054,0,0,0,0
M014,1,6,1,UT053,UT286,UT054,1,0,1,0
M014,1,6,2,UT054,UT286,UT053,4,0,4,0
M014,1,6,3,UT053,UT286,UT054,0,0,0,0
M014,1,6,4,UT054,UT286,UT053,2,0,2,0
M014,1,6,5,UT053,UT286,UT054,6,0,6,0
M014,1,6,6,UT054,UT286,UT053,0,0,0,0
M014,2,1,1,UT055,UT291,UT056,1,0,1,0
M014,2,1,2,UT056,UT291,UT055,4,0,4,0
M014,2,1,3,UT055,UT291,UT056,0,0,0,0
M014,2,1,4,UT056,UT291,UT055,6,0,6,0
M014,2,1,5,UT055,UT291,UT056,2,0,2,0
M014,2,1,6,UT056,UT291,UT055,0,0,0,0
M014,2,2,1,UT055,UT292,UT056,4,0,4,0
M014,2,2,2,UT056,UT292,UT055,1,0,1,0
M014,2,2,3,UT055,UT292,UT056,0,0,0,0
M014,2,2,4,UT056,UT292,UT055,2,0,2,0
M014,2,2,5,UT055,UT292,UT056,6,0,6,0
M014,2,2,6,UT056,UT292,UT055,0,1,1,0
M014,2,3,1,UT056,UT293,UT055,1,0,1,0
M014,2,3,2,UT055,UT293,UT056,4,0,4,0
M014,2,3,3,UT056,UT293,UT055,0,0,0,0
M014,2,3,4,UT055,UT293,UT056,2,0,2,0
M014,2,3,5,UT056,UT293,UT055,1,0,1,0
M014,2,3,6,UT055,UT293,UT056,0,0,0,1
M014,2,4,1,UT055,UT294,UT056,6,0,6,0
M014,2,4,2,UT056,UT294,UT055,0,0,0,0
M014,2,4,3,UT055,UT294,UT056,4,0,4,0
M014,2,4,4,UT056,UT294,UT055,1,0,1,0
